{
  "ImGuiCol_Border": [
    0.0,
    0.0,
    0.0,
    0.30000001192092896
  ],
  "ImGuiCol_BorderShadow": [
    0.0,
    0.0,
    0.0,
    0.0
  ],
  "ImGuiCol_Button": [
    0.25999999046325684,
    0.5899999737739563,
    0.9800000190734863,
    0.4000000059604645
  ],
  "ImGuiCol_ButtonActive": [
    0.05999999865889549,
    0.5299999713897705,
    0.9800000190734863,
    1.0
  ],
  "ImGuiCol_ButtonHovered": [
    0.25999999046325684,
    0.5899999737739563,
    0.9800000190734863,
    1.0
  ],
  "ImGuiCol_CheckMark": [
    0.25999999046325684,
    0.5899999737739563,
    0.9800000190734863,
    1.0
  ],
  "ImGuiCol_ChildBg": [
    0.0,
    0.0,
    0.0,
    0.0
  ],
  "ImGuiCol_DockingEmptyBg": [
    0.20000000298023224,
    0.20000000298023224,
    0.20000000298023224,
    1.0
  ],
  "ImGuiCol_DockingPreview": [
    0.25999999046325684,
    0.5899999737739563,
    0.9800000190734863,
    0.21699999272823334
  ],
  "ImGuiCol_DragDropTarget": [
    0.25999999046325684,
    0.5899999737739563,
    0.9800000190734863,
    0.949999988079071
  ],
  "ImGuiCol_FrameBg": [
    1.0,
    1.0,
    1.0,
    1.0
  ],
  "ImGuiCol_FrameBgActive": [
    0.25999999046325684,
    0.5899999737739563,
    0.9800000190734863,
    0.6700000166893005
  ],
  "ImGuiCol_FrameBgHovered": [
    0.25999999046325684,
    0.5899999737739563,
    0.9800000190734863,
    0.4000000059604645
  ],
  "ImGuiCol_Header": [
    0.25999999046325684,
    0.5899999737739563,
    0.9800000190734863,
    0.3100000023841858
  ],
  "ImGuiCol_HeaderActive": [
    0.25999999046325684,
    0.5899999737739563,
    0.9800000190734863,
    1.0
  ],
  "ImGuiCol_HeaderHovered": [
    0.25999999046325684,
    0.5899999737739563,
    0.9800000190734863,
    0.800000011920929
  ],
  "ImGuiCol_MenuBarBg": [
    0.8600000143051147,
    0.8600000143051147,
    0.8600000143051147,
    1.0
  ],
  "ImGuiCol_ModalWindowDimBg": [
    0.20000000298023224,
    0.20000000298023224,
    0.20000000298023224,
    0.3499999940395355
  ],
  "ImGuiCol_NavHighlight": [
    0.25999999046325684,
    0.5899999737739563,
    0.9800000190734863,
    0.800000011920929
  ],
  "ImGuiCol_NavWindowingDimBg": [
    0.20000000298023224,
    0.20000000298023224,
    0.20000000298023224,
    0.20000000298023224
  ],
  "ImGuiCol_NavWindowingHighlight": [
    0.699999988079071,
    0.699999988079071,
    0.699999988079071,
    0.699999988079071
  ],
  "ImGuiCol_PlotHistogram": [
    0.8999999761581421,
    0.699999988079071,
    0.0,
    1.0
  ],
  "ImGuiCol_PlotHistogramHovered": [
    1.0,
    0.44999998807907104,
    0.0,
    1.0
  ],
  "ImGuiCol_PlotLines": [
    0.38999998569488525,
    0.38999998569488525,
    0.38999998569488525,
    1.0
  ],
  "ImGuiCol_PlotLinesHovered": [
    1.0,
    0.4300000071525574,
    0.3499999940395355,
    1.0
  ],
  "ImGuiCol_PopupBg": [
    1.0,
    1.0,
    1.0,
    0.9800000190734863
  ],
  "ImGuiCol_ResizeGrip": [
    0.3499999940395355,
    0.3499999940395355,
    0.3499999940395355,
    0.17000000178813934
  ],
  "ImGuiCol_ResizeGripActive": [
    0.25999999046325684,
    0.5899999737739563,
    0.9800000190734863,
    0.949999988079071
  ],
  "ImGuiCol_ResizeGripHovered": [
    0.25999999046325684,
    0.5899999737739563,
    0.9800000190734863,
    0.6700000166893005
  ],
  "ImGuiCol_ScrollbarBg": [
    0.9800000190734863,
    0.9800000190734863,
    0.9800000190734863,
    0.5299999713897705
  ],
  "ImGuiCol_ScrollbarGrab": [
    0.6899999976158142,
    0.6899999976158142,
    0.6899999976158142,
    0.800000011920929
  ],
  "ImGuiCol_ScrollbarGrabActive": [
    0.49000000953674316,
    0.49000000953674316,
    0.49000000953674316,
    1.0
  ],
  "ImGuiCol_ScrollbarGrabHovered": [
    0.49000000953674316,
    0.49000000953674316,
    0.49000000953674316,
    0.800000011920929
  ],
  "ImGuiCol_Separator": [
    0.38999998569488525,
    0.38999998569488525,
    0.38999998569488525,
    0.6200000047683716
  ],
  "ImGuiCol_SeparatorActive": [
    0.14000000059604645,
    0.4399999976158142,
    0.800000011920929,
    1.0
  ],
  "ImGuiCol_SeparatorHovered": [
    0.14000000059604645,
    0.4399999976158142,
    0.800000011920929,
    0.7799999713897705
  ],
  "ImGuiCol_SliderGrab": [
    0.25999999046325684,
    0.5899999737739563,
    0.9800000190734863,
    0.7799999713897705
  ],
  "ImGuiCol_SliderGrabActive": [
    0.46000000834465027,
    0.5400000214576721,
    0.800000011920929,
    0.6000000238418579
  ],
  "ImGuiCol_Tab": [
    0.7639999985694885,
    0.796999990940094,
    0.8359999656677246,
    0.9309999942779541
  ],
  "ImGuiCol_TabDimmed": [
    0.920799970626831,
    0.9273999929428101,
    0.9351999759674072,
    0.9861999750137329
  ],
  "ImGuiCol_TabDimmedSelected": [
    0.7416000366210938,
    0.8208000063896179,
    0.9143999814987183,
    1.0
  ],
  "ImGuiCol_TabDimmedSelectedOverline": [
    0.25999999046325684,
    0.5899999737739563,
    1.0,
    1.0
  ],
  "ImGuiCol_TabHovered": [
    0.25999999046325684,
    0.5899999737739563,
    0.9800000190734863,
    0.800000011920929
  ],
  "ImGuiCol_TabSelected": [
    0.5960000157356262,
    0.7279999852180481,
    0.8840000033378601,
    1.0
  ],
  "ImGuiCol_TabSelectedOverline": [
    0.25999999046325684,
    0.5899999737739563,
    0.9800000190734863,
    1.0
  ],
  "ImGuiCol_TableBorderLight": [
    0.6800000071525574,
    0.6800000071525574,
    0.7400000095367432,
    1.0
  ],
  "ImGuiCol_TableBorderStrong": [
    0.5699999928474426,
    0.5699999928474426,
    0.6399999856948853,
    1.0
  ],
  "ImGuiCol_TableHeaderBg": [
    0.7799999713897705,
    0.8700000047683716,
    0.9800000190734863,
    1.0
  ],
  "ImGuiCol_TableRowBg": [
    0.0,
    0.0,
    0.0,
    0.0
  ],
  "ImGuiCol_TableRowBgAlt": [
    0.30000001192092896,
    0.30000001192092896,
    0.30000001192092896,
    0.09000000357627869
  ],
  "ImGuiCol_Text": [
    0.0,
    0.0,
    0.0,
    1.0
  ],
  "ImGuiCol_TextDisabled": [
    0.6000000238418579,
    0.6000000238418579,
    0.6000000238418579,
    1.0
  ],
  "ImGuiCol_TextLink": [
    0.25999999046325684,
    0.5899999737739563,
    0.9800000190734863,
    1.0
  ],
  "ImGuiCol_TextSelectedBg": [
    0.25999999046325684,
    0.5899999737739563,
    0.9800000190734863,
    0.3499999940395355
  ],
  "ImGuiCol_TitleBg": [
    0.9599999785423279,
    0.9599999785423279,
    0.9599999785423279,
    1.0
  ],
  "ImGuiCol_TitleBgActive": [
    0.8199999928474426,
    0.8199999928474426,
    0.8199999928474426,
    1.0
  ],
  "ImGuiCol_TitleBgCollapsed": [
    1.0,
    1.0,
    1.0,
    0.5099999904632568
  ],
  "ImGuiCol_WindowBg": [
    0.9399999976158142,
    0.9399999976158142,
    0.9399999976158142,
    1.0
  ]
}